product_name,barcode,unit_price,categories,image_urls
"Alpro fermentált szójakészítmény eperrel, cseresznyével, datolyával 135 g",5411188136361,660.0,desszert-bonbon-107,https://imageproxy.wolt.com/assets/667948395bc89c3fb6bf3de6
Ananász,,1039.0,vaj-margarin-49,https://wolt-menu-images-cdn.wolt.com/menu-images/6654467e27f761196caa9ef7/831303b0-790e-11f0-834f-ce636a38a856_367210005.png
Anthon Berg Baileys marcipánnal töltött krémlikőr ízű tejcsokoládé 7 db 175 g,5709678425447,4199.0,alkoholok-171,https://wolt-menu-images-cdn.wolt.com/menu-images/66544565d6a91b4d1392d750/927efa3a-f366-11ef-9f7e-660b70dfde84_wst__prefix_____baileys_csoki__1_.jpg
Anthon Berg csokoládé marcipánnal és Madeira likőrben lévő szilvával töltve 8 db 220 g,5774540984155,4199.0,pezsgo-gyongyozo-bor-173,https://imageproxy.wolt.com/assets/689b7a2c87a8f04a4a7d8bd5;https://imageproxy.wolt.com/assets/689b7a2d87a8f04a4a7d8bda
Avocado db,5998899710214,624.0,vaj-margarin-49,https://imageproxy.wolt.com/assets/689b8f74f18c6aaa8030b280
"Baba folyékony krémszappan utántöltő, antibakteriális összetevővel, teafaolaj, 500 ml",8710447423004,965.0,piskota-302,https://imageproxy.wolt.com/assets/689bacbd87a8f04a4a7dc486
"Baba folyékony szappan utántöltő antibakteriális összetevővel, teafaolaj, 750 ml",8720181227004,1164.0,piskota-302,https://imageproxy.wolt.com/assets/689bacc787a8f04a4a7dc4ad
Beauty Kiss ultra erős hajlakk B5-provitaminnal 300 ml,9100000039183,1029.0,fuszerkeverek-298,https://imageproxy.wolt.com/assets/689baa5487a8f04a4a7dbf81;https://imageproxy.wolt.com/assets/689baa5487a8f04a4a7dbf85
"Ben & Jerry's Cookie Dough vanília ízű jégkrém csokoládés sütemény darabokkal, 465 ml",8711327373105,4239.0,gyumolcsbor-193,https://imageproxy.wolt.com/assets/691c678c86ec9335bd492730
Boci tejcsokoládé földimogyoró-darabokkal 90 g,5998400314764,674.0,likor-172,https://imageproxy.wolt.com/assets/68f0e6570626145e31f0aaed
Bombajóó gyorsfagyasztott mogyorókrémes mini gombóc 600 g,5997853180568,1195.0,boralapu-italok-sherry-egyeb-szeszezett-bor-194,https://imageproxy.wolt.com/assets/689b863b87a8f04a4a7d9ad8
Búzacsírás cipó 350 g,5999555265789,755.0,kave-75,https://imageproxy.wolt.com/assets/68de7100b16814eaa0e5a250
CARTE D'OR Jégkrém Csokoládés-Kekszes 825 ml,8711327617476,2649.0,gyumolcsbor-193,https://imageproxy.wolt.com/assets/689bb3c587a8f04a4a7ddb5f
Cafe Frei Brazil Single Origin Cerrado Natural pörkölt arabica szemes kávé 125 g,5999885987139,2414.0,glutenmentes-termekek-135,https://imageproxy.wolt.com/assets/689b9cc887a8f04a4a7dad4f
Cafe Frei Kaliforniai mandula és meggy ízű pörkölt szemes kávé 125 g,5999885987870,2414.0,glutenmentes-termekek-135,https://imageproxy.wolt.com/assets/689b9ccb9bbcfa1dc39bd61f
"Carte D'Or sajttorta ízű tejszínes desszert, áfonyás öntettel 140 g",8593807287634,434.0,friss-leveles-teszta-retesteszta-pizzateszta-93,https://imageproxy.wolt.com/assets/689ba3f5f18c6aaa8030d057;https://imageproxy.wolt.com/assets/689ba3f7f18c6aaa8030d05c
"Carte D'Or sós karamell ízesítésű tejszínes desszert, karamell öntettel 140 g",8593807287610,434.0,friss-leveles-teszta-retesteszta-pizzateszta-93,https://imageproxy.wolt.com/assets/689ba3f5f18c6aaa8030d056;https://imageproxy.wolt.com/assets/689ba3f6f18c6aaa8030d05b
Carte d'Or Jégkrém Stracciatella 825 ml,8711327621015,2649.0,gyumolcsbor-193,https://imageproxy.wolt.com/assets/69302d69fd831a492a8a7d27
Cerbona Müzli gesztenyepüré ízű müzliszelet 20 g,5998400314283,215.0,egyeb-alkoholos-italok-koktelok-181,https://imageproxy.wolt.com/assets/68c95941afc4401da58d9891
"Cheeseland laktózmentes, zsírszegény cottage cheese 150 g",5999546795561,864.0,zabpehely-zabkasa-rizskasa-70,https://imageproxy.wolt.com/assets/689b9795f18c6aaa8030bc0f;https://imageproxy.wolt.com/assets/689b9797f18c6aaa8030bc12
Cheetos Spirals sajtos & ketchupos ízesítésű kukoricasnack 30 g,5900259087164,459.0,tequila-184,https://imageproxy.wolt.com/assets/67502a9d71fc340e3bf37cef;https://imageproxy.wolt.com/assets/67502aa071fc340e3bf37cf6
Chilis libamájkrém hízott libamájból 62 g,5998304070575,354.0,mogyoro-es-egyeb-snack-magvak-117,https://imageproxy.wolt.com/assets/68ff66793548256996251431;https://imageproxy.wolt.com/assets/68ff66793548256996251430
Classic gyorsfagyasztott hekkfilé 540 g,5999548671641,3134.0,borok-189,https://imageproxy.wolt.com/assets/689b979ff18c6aaa8030bc21;https://imageproxy.wolt.com/assets/689b97a0f18c6aaa8030bc25
Coco Rico csirke belső mellfilé,59418760004712,1531.6,sertes-121,https://wolt-menu-images-cdn.wolt.com/menu-images/66544565d6a91b4d1392d750/16d63214-954a-11f0-b5f2-b2e8c4819346_488540005.jpg
Coco Rico csirke felsőcomb filé family csomag,59418760005498,2769.0,sertes-121,https://wolt-menu-images-cdn.wolt.com/menu-images/66544565d6a91b4d1392d750/0a0b609a-954a-11f0-8b93-a26cfe6a4475_479185000.jpg
Colgate Kids Bluey menta ízű gyermek fogkrém 6-9 éves gyermekeknek 50 ml,8718951610613,629.0,pudingpor-294,https://imageproxy.wolt.com/assets/695fa3b817906cb1450ae9b5;https://imageproxy.wolt.com/assets/695fa3b817906cb1450ae9b4
Colgate Max White Expert Original fogfehérítő fogkrém 75 ml,7509546064857,1649.0,pudingpor-294,https://imageproxy.wolt.com/assets/689bb5ea87a8f04a4a7de1b0;https://imageproxy.wolt.com/assets/689bb5ea87a8f04a4a7de1b4
Colgate Max White One fogfehérítő fogkrém 75 ml,8714789531915,1104.0,pudingpor-294,https://imageproxy.wolt.com/assets/689bb4a087a8f04a4a7dde73;https://imageproxy.wolt.com/assets/689bb4a187a8f04a4a7dde79
Colgate Total Active Fresh fogkrém 75 ml,8718951226838,860.0,pudingpor-294,https://imageproxy.wolt.com/assets/6826f2ff0b2f917d8fe56699
Colgate Triple Action fogkrém 150 ml,6920354826986,704.0,pudingpor-294,https://imageproxy.wolt.com/assets/689bb4a087a8f04a4a7dde71;https://imageproxy.wolt.com/assets/689bb4a187a8f04a4a7dde76
DESPAR Amaretti mandulaízű teasütemény 200 g,8001300800682,944.0,whiskey-174,https://imageproxy.wolt.com/assets/689b9f95f18c6aaa8030c913;https://imageproxy.wolt.com/assets/689b9f96f18c6aaa8030c917
"DESPAR free from laktózmentes, görög stílusú, élőflórás, sovány natúr joghurt 150 g",8001300660729,330.0,zabpehely-zabkasa-rizskasa-70,https://wolt-menu-images-cdn.wolt.com/menu-images/66544565d6a91b4d1392d750/43978a00-954a-11f0-a2fa-224cb12e9e5f_516309000.jpg
DESPAR szeletelt főtt sonka 140 g,8011175001206,1469.0,snack-113,https://imageproxy.wolt.com/assets/689ba0d8f18c6aaa8030cb2a;https://imageproxy.wolt.com/assets/689ba0d9f18c6aaa8030cb2c
DESPAR szeletelt mortadella 150 g,8011175001190,829.0,ragogumik-leheletfrissitok-112,https://imageproxy.wolt.com/assets/689ba0d8f18c6aaa8030cb29;https://imageproxy.wolt.com/assets/689ba0d9f18c6aaa8030cb2d
"Daim tejcsokoládéval bevont, ropogós mandulás karamell 200 g",7310511802301,2729.0,alkoholok-171,https://imageproxy.wolt.com/assets/689b9db787a8f04a4a7dae8a;https://imageproxy.wolt.com/assets/689b9db987a8f04a4a7dae8f
"Danone Oikos citromos túrótortaízű, élőflórás krémjoghurt 4 x 125 g",5997536119588,919.0,edessegek-104,https://imageproxy.wolt.com/assets/696e23ed37fecf84c67b94cf
Danone Oikos áfonyás sajttorta ízű élőflórás krémjoghurt 4 x 125 g,5997536305295,919.0,edessegek-104,https://imageproxy.wolt.com/assets/6905fd7f57e6990cf4cf2bf6
Danone Oikos élőflórás meggyes krémjoghurt 125 g,5990031646801,139.0,edessegek-104,https://wolt-menu-images-cdn.wolt.com/menu-images/66544565d6a91b4d1392d750/71c18250-954a-11f0-ad01-9edb1764b31c_538876009.jpg
Danone dinnye ízű iható fermentált tejkészítmény 310 g,5997672305746,434.0,csokolade-105,https://imageproxy.wolt.com/assets/689bb22687a8f04a4a7dd5e3
Doritos Nacho sajtos ízű kukoricachips 100 g,5900259094704,974.0,tequila-184,https://imageproxy.wolt.com/assets/689b7a7c87a8f04a4a7d8c20
Doritos barbecue ízesítésű kukoricachips 100 g,5900259106667,974.0,tequila-184,https://imageproxy.wolt.com/assets/689b7a819bbcfa1dc39bb564
Doritos édes chili ízesítésű kukoricachips 100 g,5900259117564,974.0,tequila-184,https://imageproxy.wolt.com/assets/689b7a849bbcfa1dc39bb56b
Dr. Oetker Aroma vanília 38 ml,5997381341493,314.0,keszetelek-157,https://imageproxy.wolt.com/assets/68c413b42c60b119670f00be
Dénes Natura zabkorpa 250 g,5997848514774,654.0,reggeli-69,https://imageproxy.wolt.com/assets/689b863987a8f04a4a7d9ad2
FRoSTA gyorsfagyasztott paella spanyol stílusú készétel 400 g,5900972011446,2069.0,voros-bor-191,https://imageproxy.wolt.com/assets/68921f1f7762f45f64f17da6
Fejeskáposzta lédig,,39.4,parizsi-63,https://wolt-menu-images-cdn.wolt.com/menu-images/66544565d6a91b4d1392d750/2b1738f8-ebb3-11f0-a2a9-8ec3a1a314e1_full___2026_01_07t112420.853.png
Findus Wok Spicy Zanju gyorsfagyasztott csípős wok zöldségkeverék 325 g,3599741002093,1705.0,voros-bor-191,https://imageproxy.wolt.com/assets/6970c7c17e37809df6dec4ee
"Friss 0,0% mangó-maracuja ízű üdítőital és alkoholmentes malátaital keveréke 0,5 l",5998817531846,439.0,izesitett-sor-233,https://imageproxy.wolt.com/assets/689bb06887a8f04a4a7dd029;https://imageproxy.wolt.com/assets/689bb06887a8f04a4a7dd02e
Friss darabolt nyúl 600 g,5999557850716,2309.0,belsosegek-126,https://imageproxy.wolt.com/assets/689b982cf18c6aaa8030bd0f
Friss hízott kacsa aprólék 500 g,5995674467752,1459.0,sertes-121,https://imageproxy.wolt.com/assets/689b7eff87a8f04a4a7d8cfe
"Friss hízott kacsamell filézve, szeletelve, bőrrel 200 g",5995674467783,2054.0,sertes-121,https://imageproxy.wolt.com/assets/689b7f0087a8f04a4a7d8d01
Friss kizsigerelt fiatal kakas aprólék nélkül,,3198.65,sertes-121,https://wolt-menu-images-cdn.wolt.com/menu-images/6654467e27f761196caa9ef7/4330e0d8-8fc4-11f0-bf1d-5a7fa8209855_165623.jpg
Friss kizsigerelt jérce aprólék nélkül,,2420.6,sertes-121,https://wolt-menu-images-cdn.wolt.com/menu-images/6654467e27f761196caa9ef7/c31cb7e6-8fc3-11f0-8208-d659d7d45038_165626.jpg
Friss pecsenye nyúl lapocka 500 g,5999557855117,2624.0,belsosegek-126,https://imageproxy.wolt.com/assets/689b982cf18c6aaa8030bd0d
Fuchs extra sárga tojás M-L 10 db,5999882015002,1184.0,keksz-109,https://wolt-menu-images-cdn.wolt.com/menu-images/66544565d6a91b4d1392d750/0a0922a8-954a-11f0-9748-ea629c30a8c6_477320007.jpg
Földimogyoró lédig,2002269960024,246.0,tejfol-52,https://imageproxy.wolt.com/assets/678e0e244b2b7137a212e3c4
"Fütyülős Tutti Frutti ízű likőr 24,5% 0,5 l",5995099445052,4934.0,cider-236,https://imageproxy.wolt.com/assets/689c72cef18c6aaa8030f985
"Fütyülős görögdinnye ízű likőr 24,5% 0,2 l",5995099444017,2359.0,cider-236,https://imageproxy.wolt.com/assets/689c72caf18c6aaa8030f980
"Fütyülős görögdinnye ízű likőr 24,5% 0,5 l",5995099444024,4934.0,cider-236,https://imageproxy.wolt.com/assets/689c72cef18c6aaa8030f984
Gallicoop Körös szeletelt pulykamellsonka 100 g,5995885812747,304.0,snack-113,https://imageproxy.wolt.com/assets/689b7f3287a8f04a4a7d8d26;https://imageproxy.wolt.com/assets/689b7f3387a8f04a4a7d8d2b
Gallicoop friss pulyka mellszelet 450 g,5996426009367,1510.5,sertes-121,https://wolt-menu-images-cdn.wolt.com/menu-images/66544565d6a91b4d1392d750/2bc4b506-954a-11f0-86a9-bacb774d1492_506428001.jpg
Gallicoop friss pulykamellfilé tokány 450 g,5996426009381,1444.0,sertes-121,https://wolt-menu-images-cdn.wolt.com/menu-images/66544565d6a91b4d1392d750/2bcc17a6-954a-11f0-8d07-529bfaca787b_506463002.jpg
Gillette Cool Wave Izzadásgátló Dezodor Zselés Dezodor Férfiaknak,7702018978120,1385.0,fekete-tea-286,https://imageproxy.wolt.com/assets/68c4134f2c60b119670effe3
Gliss Total Repair sampon 400 ml,9000100549493,1669.0,bors-296,https://imageproxy.wolt.com/assets/689ba7739bbcfa1dc39bdd25
Good Calories datolyás falatok meggyel és kakaóval 58 g,5903548002725,1114.0,pezsgo-gyongyozo-bor-173,https://imageproxy.wolt.com/assets/689b7c959bbcfa1dc39bb99e;https://imageproxy.wolt.com/assets/689b7c969bbcfa1dc39bb9a2
"Good Calories datolyás szelet kesudióval, földimogyoróval és kókusszal 35 g",5903548002763,399.0,egyeb-alkoholos-italok-koktelok-181,https://imageproxy.wolt.com/assets/689b7c97f18c6aaa80309cb1;https://imageproxy.wolt.com/assets/689b7c98f18c6aaa80309cb5
Haribo Love Hearts gyümölcsízű gumicukorka 100 g,5996379477121,564.0,palinka-180,https://imageproxy.wolt.com/assets/689b7fae9bbcfa1dc39bbfc7
"Head & Shoulders Menthol Fresh Korpásodás Elleni Sampon, 400ml",5011321336094,2469.0,bors-296,https://imageproxy.wolt.com/assets/696e1cf62bbd123c386e8f9a
Hellmann´s csípős mexikói fűszerezésű szósz 266 g,8710604744393,1260.0,bebietelek-221,https://imageproxy.wolt.com/assets/678e0e558f2fa330bd807091
Horváth Rozi szárított egész feketebors 32 g,5995863032136,649.0,ketchup-mustar-majonez-torma-163,https://imageproxy.wolt.com/assets/67f4e8d95ebdee482c19d0b2
Hízott libamell belsőfilé 300 g,5995674465840,2269.0,sertes-121,https://imageproxy.wolt.com/assets/689b7efd9bbcfa1dc39bbeb0
"Hízott libamell filézve, szeletelve, bőrrel 200 g",5995674465857,2159.0,sertes-121,https://imageproxy.wolt.com/assets/689b7eff87a8f04a4a7d8cff
Ice Cake-Tortás Cukrászat Almás tiroli rétes 320 g (2 x 160 g),5998663345994,1879.0,lekvar-mez-kremek-78,https://imageproxy.wolt.com/assets/689b8ca59bbcfa1dc39bc57d
Ice Cake-Tortás Cukrászat Eperhabos torta szelet 2 x 80 g (160 g),5998663333991,2375.0,lekvar-mez-kremek-78,https://imageproxy.wolt.com/assets/689b8ca1f18c6aaa8030ac36
Ice Cake-Tortás Cukrászat Házi krémes 180 g (2 x 90 g),5998663340586,2054.0,lekvar-mez-kremek-78,https://imageproxy.wolt.com/assets/689b8ca2f18c6aaa8030ac3b
Ice Cake-Tortás Cukrászat Karamellás krémes kocka 4 x 100 g (400 g),5998663346120,3445.0,lekvar-mez-kremek-78,https://imageproxy.wolt.com/assets/689b8ca6f18c6aaa8030ac41
Ice Cake-Tortás Cukrászat Meggyes pite (2 x 170 g) 340 g,5998663345772,2594.0,lekvar-mez-kremek-78,https://imageproxy.wolt.com/assets/689b8ca39bbcfa1dc39bc57b
Ice Cake-Tortás Cukrászat Meggyes tiroli rétes 340 g (2 x 170 g),5998663346014,1879.0,lekvar-mez-kremek-78,https://imageproxy.wolt.com/assets/689b8ca59bbcfa1dc39bc57e
Ice Cake-Tortás Cukrászat Mignon 240 g (4 x 60 g),5998663300351,3619.0,lekvar-mez-kremek-78,https://imageproxy.wolt.com/assets/689b8ca1f18c6aaa8030ac37
Ice Cake-Tortás Cukrászat Mákos tiroli rétes 340 g (2 x 170 g),5998663346007,1879.0,lekvar-mez-kremek-78,https://imageproxy.wolt.com/assets/689b8ca59bbcfa1dc39bc57f
Ice Cake-Tortás Cukrászat Puncs torta szelet (2 x 120 g) 240 g,5998663301112,2054.0,lekvar-mez-kremek-78,https://imageproxy.wolt.com/assets/689b8ca1f18c6aaa8030ac35
Ice Cake-Tortás Cukrászat Túrós tiroli rétes 340 g (2 x 170 g),5998663346021,1879.0,lekvar-mez-kremek-78,https://imageproxy.wolt.com/assets/689b8ca49bbcfa1dc39bc57c
Ice Cake-Tortás Cukrászat Zserbó szelet (4 x 100 g) 400 g,5998663346090,5075.0,lekvar-mez-kremek-78,https://imageproxy.wolt.com/assets/689b8ca9f18c6aaa8030ac43
International Collection sütőolaj spray kókuszolajjal 190 ml,5028905026166,1880.0,antipasti-159,https://imageproxy.wolt.com/assets/689b6c78f18c6aaa8030896f
"Jókenyér diós rozskenyér 0,5 kg",5999880160070,1039.0,kave-75,https://imageproxy.wolt.com/assets/689b9baff18c6aaa8030c321;https://imageproxy.wolt.com/assets/689b9bb0f18c6aaa8030c326
Jókenyér friss kovászos teljes kiőrlésű kenyér magvakkal 500 g,5999880160995,809.0,kave-75,https://imageproxy.wolt.com/assets/689b9bb4f18c6aaa8030c32c
Jókenyér friss kovászos tökmagos kenyér 500 g,5999563676218,864.0,kave-75,https://imageproxy.wolt.com/assets/689b9942f18c6aaa8030bef3
Jókenyér hagymás kenyérke 250 g,5999880160216,755.0,kave-75,https://imageproxy.wolt.com/assets/689b9bb29bbcfa1dc39bd52b
Jókenyér kovászos burgonyás rozsos kenyér 500 g,5999563677864,714.0,kave-75,https://imageproxy.wolt.com/assets/69a97809f115f4a3251e8807
Jókenyér kovászos rozskenyér 500 g,5999880160971,755.0,kave-75,https://imageproxy.wolt.com/assets/69a9780bf115f4a3251e8809
Jókenyér kovászos wellness kenyér 500 g,5999880160988,755.0,kave-75,https://imageproxy.wolt.com/assets/69a9780af115f4a3251e8808
Jókenyér olívás masni 250 g,5999880160209,755.0,kave-75,https://imageproxy.wolt.com/assets/689b9bb29bbcfa1dc39bd529
Jókenyér paradicsomos kenyérke 250 g,5999880160223,755.0,kave-75,https://imageproxy.wolt.com/assets/689b9bb29bbcfa1dc39bd52c
"Jókenyér rozskenyér 0,5 kg",5999880160018,779.0,kave-75,https://imageproxy.wolt.com/assets/689b9bab87a8f04a4a7dac61
"Kaiser Herbal vodka 37,5% 0,5 l",5998815786149,4139.0,csonthejas-gyumolcsok-239,https://imageproxy.wolt.com/assets/6818e33b58425492357cfb08
Kalifa szárított datolya 200 g,5997956701097,529.0,tejszin-tejszinhab-51,https://imageproxy.wolt.com/assets/689b869687a8f04a4a7d9ba4
Karaván szeletelt füstölt zsíros ömlesztett sajt 125 g,5998201564948,934.0,protein-tartalmu-keszitmeny-89,https://imageproxy.wolt.com/assets/699c48d333fb99da5472fb4d
Kelkáposzta lédig,,124.8,parizsi-63,https://wolt-menu-images-cdn.wolt.com/menu-images/66544565d6a91b4d1392d750/ff04c072-ebb3-11f0-a093-f64e2ce93db9_full___2026_01_07t113027.123.png
KitKat ropogós ostya mogyorós krémmel tej- és étcsokoládéban 99 g,3800020491546,1049.0,alkoholok-171,https://imageproxy.wolt.com/assets/6908a0bf5a64760b23662102
"Libresse Ultra+ Deo szárnyas egészségügyi betét illatosított (2 x 10 db), 20 db",7322540356847,1175.0,puszedli-301,https://imageproxy.wolt.com/assets/68aef5e1ecb95744b9d425c3;https://imageproxy.wolt.com/assets/68aef5e3ecb95744b9d425c7
Libresse Ultra+ Natural szárnyas egészségügyi betét 2 x 10 db,7322540344011,1175.0,puszedli-301,https://imageproxy.wolt.com/assets/68aee7f3ecb95744b9d4250d;https://imageproxy.wolt.com/assets/68aee7f4ecb95744b9d42510
Libresse Ultra+ szárnyas egészségügyi betét 2 x 10 db,7310791245607,1175.0,puszedli-301,https://imageproxy.wolt.com/assets/68aee7f3ecb95744b9d42509;https://imageproxy.wolt.com/assets/68aee7f4ecb95744b9d4250e
Lindt Lindor tejcsokoládé-tejcsokoládé mogyoródarabokkal-fehér- és keserű csokoládé praliné 337 g,8003340801513,6824.0,pezsgo-gyongyozo-bor-173,https://imageproxy.wolt.com/assets/689b9ff287a8f04a4a7db208
Lindt Lindor vegyes tej- és fehércsokoládé pralinék lágy töltelékkel 337 g,8003340801506,6824.0,pezsgo-gyongyozo-bor-173,https://imageproxy.wolt.com/assets/689b9ff287a8f04a4a7db207
Lindt Mini Pralinés pralinéválogatás 100 g,4000539396588,4199.0,pezsgo-gyongyozo-bor-173,https://imageproxy.wolt.com/assets/689b6be587a8f04a4a7d7680;https://imageproxy.wolt.com/assets/689b6be587a8f04a4a7d7681
"Lindt Nuxor csokoládé válogatás tej-, ét- és fehér csokoládé egész mogyoróval őrölt mogyoróval 150 g",8003340807065,4199.0,gyorsfagyasztott-desszert-133,https://imageproxy.wolt.com/assets/689bb0cd87a8f04a4a7dd18d
Lindt Nuxor gianduja mogyorós étcsokoládé egész mogyoróval 150 g,8003340807614,4199.0,alkoholok-171,https://imageproxy.wolt.com/assets/689b9ffbf18c6aaa8030c9be
Lindt Swiss Luxury Selection csokoládéválogatás 143 g,7610400096560,5774.0,pezsgo-gyongyozo-bor-173,https://imageproxy.wolt.com/assets/68ecf1a5190712a29dd2f83e
Loyd citromhéjjal és citromfűvel ízesített filteres zöld tea 20 filter 30 g,5900396016188,794.0,asvanyviz-138,https://imageproxy.wolt.com/assets/689b7aa59bbcfa1dc39bb5a1;https://imageproxy.wolt.com/assets/689b7aa79bbcfa1dc39bb5a6
Lucullus tejföl ízű sültkrumpli fűszersó 25 g,5997359135574,324.0,szoszok-martasok-ontetek-162,https://imageproxy.wolt.com/assets/689b82fa87a8f04a4a7d93fd
Magic Milk laktózmentes kaukázusi kefir 450 g,5998207772040,755.0,zabpehely-zabkasa-rizskasa-70,https://imageproxy.wolt.com/assets/689b8a459bbcfa1dc39bc3af;https://imageproxy.wolt.com/assets/689b8a469bbcfa1dc39bc3b3
Mars karamellás földimogyorós krémes szelet tejcsokoládéba mártva 3 x 45 g (135 g),5000159563345,1104.0,alkoholok-171,https://imageproxy.wolt.com/assets/689b70369bbcfa1dc39bad9a
Master Good friss tanyasi csirke bőségtál,5999550782458,4912.7,sertes-121,https://imageproxy.wolt.com/assets/692ae78f6980ec1e3ff653c6
Master Good friss tanyasi csirke zsigerelve belsőség nélkül,5999550782359,2991.6,sertes-121,https://wolt-menu-images-cdn.wolt.com/menu-images/66544565d6a91b4d1392d750/ada46b08-9549-11f0-af44-eac9f580e2a3_169457004.jpg
"Medve Protein, fitt natúr kenhető, félzsíros ömlesztett sajt 8 x 17,5 g (140 g)",5997684505493,518.0,etrendkiegeszitok-87,https://wolt-menu-images-cdn.wolt.com/menu-images/66544565d6a91b4d1392d750/2cf3129a-cc33-11f0-bad8-b250af97dd51_118428000.jpg
Milli UHT habtejszín 30% 2 x 200 ml,5998200751233,1404.0,fuszerek-99,https://imageproxy.wolt.com/assets/689b8972f18c6aaa8030a6a9;https://imageproxy.wolt.com/assets/689b8973f18c6aaa8030a6ab
Milli UHT habtejszín 30% 200 ml,5998200751103,784.0,fuszerek-99,https://imageproxy.wolt.com/assets/675fb6582cdb1c25a709369f
Mini Shaker paradicsom 250 g,,1112.0,joghurtitalok-56,https://wolt-menu-images-cdn.wolt.com/menu-images/66544565d6a91b4d1392d750/4d181ad6-ebb2-11f0-8b44-8a06201e2a8e_full___2026_01_07t111817.136.png
Nagykun barna rizs 1 kg,5998398313343,954.0,kenyelmi-etelek-155,https://imageproxy.wolt.com/assets/689b8bccf18c6aaa8030aa6f
Narancs 1 kg,,675.0,vajkrem-sajtkrem-korozott-50,https://wolt-menu-images-cdn.wolt.com/menu-images/66544565d6a91b4d1392d750/6b49ffc4-da5a-11f0-bb78-e6f90fe3ca20_dekor_repro_01871.jpg
Nestlé Lion Wild Crush karamell- és csokoládéízű krémmel töltött ropogós gabonapehely 360 g,7613036673334,2014.0,fagyasztott-husok-129,https://imageproxy.wolt.com/assets/689b9e33f18c6aaa8030c6db;https://imageproxy.wolt.com/assets/689b9e34f18c6aaa8030c6e1
Nestlé Lion karamellás és csokoládés ropogós gabonapehely vitaminokkal és ásványi anyagokkal 400 g,5900020019530,1909.0,fagyasztott-husok-129,https://imageproxy.wolt.com/assets/689b7a4c9bbcfa1dc39bb505;https://imageproxy.wolt.com/assets/689b7a4f9bbcfa1dc39bb50a
"Nestlé Nesquik kakaós ízű, ropogós gabonapehely vitaminokkal és ásványi anyagokkal 225 g",5900020016065,1379.0,fagyasztott-husok-129,https://imageproxy.wolt.com/assets/689b7a4587a8f04a4a7d8be7;https://imageproxy.wolt.com/assets/689b7a4787a8f04a4a7d8beb
Nippon tejcsokoládéba mártott puffasztott rizses csokiszelet 200 g,4021700900021,1784.0,alkoholok-171,https://imageproxy.wolt.com/assets/68cbfbeb96bcfcad1bd5c322
Novi Cuadro Pistacchio praliné pisztácia krémmel 150 g,8006380234136,2624.0,pezsgo-gyongyozo-bor-173,https://imageproxy.wolt.com/assets/68a6c673c36a14b1703147d4;https://imageproxy.wolt.com/assets/68a6c676c36a14b1703147db
Nyírfacukor Original meggy-alma lekvár édesítőszerrel 230 g,5999884035091,1695.0,icetea-143,https://imageproxy.wolt.com/assets/689b9c3af18c6aaa8030c40a;https://imageproxy.wolt.com/assets/689b9c3bf18c6aaa8030c40f
"Nádudvari zsírszegény élőflórás natúr joghurt 1,4% 350 g",5998202943353,196.0,egyeb-103,https://wolt-menu-images-cdn.wolt.com/menu-images/66544565d6a91b4d1392d750/6f589bca-954a-11f0-b901-da828c503ec4_538193007.jpg
Német zsemle 70 g,5999563670629,249.0,mez-80,https://imageproxy.wolt.com/assets/689b993d9bbcfa1dc39bd178;https://imageproxy.wolt.com/assets/689b993e9bbcfa1dc39bd17a
"Old Spice Rockstar Férfi 3 az 1-ben Sampon és Tusfürdő, 400 ml",8700216232746,1469.0,palcikas-tolcseres-jegkremek-304,https://imageproxy.wolt.com/assets/68e7a4559a94eea72b353d56
"Oreo O's ropogós, kakaó ízű búzakarikák és vanília ízű rizskorongok, vitaminokkal 320 g",5010029227451,2649.0,fagyasztott-husok-129,https://imageproxy.wolt.com/assets/689b6e2df18c6aaa80308f57
PICK Snack csemege 100 g,5998003112415,1144.0,ropi-perec-sos-kekszek-116,https://imageproxy.wolt.com/assets/689b8748f18c6aaa8030a340;https://imageproxy.wolt.com/assets/689b874af18c6aaa8030a346
Pacific erdei vegyesgyümölcs extra dzsem 25 g,5997403110816,119.0,icetea-143,https://imageproxy.wolt.com/assets/689b83e487a8f04a4a7d95e9;https://imageproxy.wolt.com/assets/689b83e587a8f04a4a7d95ee
Palmolive Aroma Essence Ultimate Relax tusfürdő 500 ml,8718951429888,1339.0,popcorn-303,https://imageproxy.wolt.com/assets/689bb58ef18c6aaa8030d626
Palmolive Naturals Milk & Honey folyékony szappan utántöltő 1000 ml,8714789992013,1689.0,piskota-302,https://imageproxy.wolt.com/assets/689bb58c87a8f04a4a7de091
Palmolive Naturals Milk & Olive folyékony szappan utántöltő 500 ml,8003520039545,914.0,piskota-302,https://imageproxy.wolt.com/assets/689bb4b087a8f04a4a7dde9e
Palmolive Naturals Olive & Milk tusfürdő 500 ml,8714789733166,1339.0,popcorn-303,https://imageproxy.wolt.com/assets/689bb4b2f18c6aaa8030d519
Palmolive Naturals Sensitive Milk Protein tusfürdő 500 ml,8718951248656,1339.0,popcorn-303,https://imageproxy.wolt.com/assets/689bb58c87a8f04a4a7de092
Pecsenye kacsamellfilé bőrrel,5997099915023,1619.5,sertes-121,https://wolt-menu-images-cdn.wolt.com/menu-images/6654467e27f761196caa9ef7/8ab0fcfc-9237-11f0-a1d1-ca303c312a59_plexi01181.jpg
Pikáns kacsamájkrém hízott kacsamájból 62 g,5998304070582,354.0,mogyoro-es-egyeb-snack-magvak-117,https://imageproxy.wolt.com/assets/68ff667c3548256996251439;https://imageproxy.wolt.com/assets/68ff667c354825699625143a
"Pilsner Urquell Multipack minőségi világos sör 4,4% 6 x 0,5 l",8594404024523,3449.0,kezmuves-sor-230,https://imageproxy.wolt.com/assets/689ba47bf18c6aaa8030d116;https://imageproxy.wolt.com/assets/689ba47cf18c6aaa8030d119
Piros grapefruit lédig,5998681781255,467.5,vajkrem-sajtkrem-korozott-50,https://imageproxy.wolt.com/assets/689b8cb49bbcfa1dc39bc58a
Poco Loco Multigrain tortilla búzalisztből 4 db 245 g,5412514932022,1384.0,kremek-81,https://imageproxy.wolt.com/assets/68d2937778dafc9acabd541e
Poco Loco tortilla teljes kiőrlésű liszttel 4 db 245 g,5412514932046,1384.0,kremek-81,https://imageproxy.wolt.com/assets/689b77bc87a8f04a4a7d832a;https://imageproxy.wolt.com/assets/689b77be87a8f04a4a7d832f
Ponty szelet (Cyprinus carpio),,3558.0,daralthus-124,https://wolt-menu-images-cdn.wolt.com/menu-images/66544565d6a91b4d1392d750/760a9bb4-9aa7-11f0-8c52-52b94a8c490d_156313.jpg
Pöttyös Túró Rudi natúr túródesszert kakaós étbevonattal 10 x 30 g (300 g),5998200745027,2159.0,teszta-92,https://imageproxy.wolt.com/assets/689bb7709bbcfa1dc39beecd
REGIO Entkoffeiniert koffeinmentes őrölt pörkölt kávé 500 g,9100100124383,2729.0,gyorsfagyasztott-desszert-133,https://imageproxy.wolt.com/assets/689bac4387a8f04a4a7dc33f;https://imageproxy.wolt.com/assets/689bac4487a8f04a4a7dc342
REGIO Naturmild őrölt pörkölt kávé 500 g,9100100123904,2729.0,gyorsfagyasztott-desszert-133,https://imageproxy.wolt.com/assets/689bac4387a8f04a4a7dc33c;https://imageproxy.wolt.com/assets/689bac4387a8f04a4a7dc341
RiceUp! Eat Smart teljes kiőrlésű barna rizs chips barbecue ízesítéssel 60 g,3800233070101,539.0,tequila-184,https://imageproxy.wolt.com/assets/689b6ae4f18c6aaa80308808;https://imageproxy.wolt.com/assets/689b6ae5f18c6aaa8030880d
"Riska UHT zsírszegény, laktózmentes tej 1,5% 1 l",5998200564437,499.0,zabpehely-zabkasa-rizskasa-70,https://wolt-menu-images-cdn.wolt.com/menu-images/66544565d6a91b4d1392d750/fa31a8dc-9549-11f0-8277-d6880c8cce6c_426573003.jpg
Roshen étcsokoládés praliné rum ízű alkoholos töltelékkel 150 g,4823077618901,1784.0,alkoholok-171,https://imageproxy.wolt.com/assets/6900b79280e479e4ba4fb3a4;https://imageproxy.wolt.com/assets/6900b79280e479e4ba4fb3a3
Rábcakapi BIO édesburgonya 500 g,5999568650503,1354.0,vegan-termekek-60,https://imageproxy.wolt.com/assets/689b99f19bbcfa1dc39bd294;https://imageproxy.wolt.com/assets/689b99f29bbcfa1dc39bd299
S-BUDGET CAFFE CREMA szemes pörkölt kávé 1 kg,,5249.0,glutenmentes-termekek-135,https://wolt-menu-images-cdn.wolt.com/menu-images/66544565d6a91b4d1392d750/831fa2f6-bbc0-11f0-88cc-ce079772e58a_sx437_sbudget_caffe_crema_szemes.jpg
S-BUDGET Instant kávéitalpor csokoládé ízesítéssel 130g,,379.0,vizek-uditok-136,https://wolt-menu-images-cdn.wolt.com/menu-images/66544565d6a91b4d1392d750/d2b0184a-a9ab-11f0-add5-36f096a6645f_full__81_.png
S-BUDGET Sertés zsírszalonna csomagolt kb. 5kg,,4855.5,hal-123,https://wolt-menu-images-cdn.wolt.com/menu-images/66544565d6a91b4d1392d750/cb33ff10-9aa5-11f0-8bee-fa4abbd90ca4_164989.jpg
S-BUDGET Teavaj,,375.0,ecet-olaj-citromle-97,https://wolt-menu-images-cdn.wolt.com/menu-images/66544565d6a91b4d1392d750/c1a0c87e-d10b-11f0-83cb-ee94f257e2c6_sx439_sbudget_teavaj_82_125g.jpg
S-BUDGET baromfi párizsi,,179.0,chips-extrudalt-termekek-114,https://wolt-menu-images-cdn.wolt.com/menu-images/66544565d6a91b4d1392d750/834a50e4-be15-11f0-8baf-36377e3e313b_sx437_sbudget_baromfi_parizsi.jpg
S-BUDGET kávé CLASSIC szemes,,4829.0,glutenmentes-termekek-135,https://wolt-menu-images-cdn.wolt.com/menu-images/66544565d6a91b4d1392d750/6a086f76-be10-11f0-86b9-06b347ab2dcd_sx437_sbudget_kave_classic_szemes.jpg
S-BUDGET pulyka párizsi,,215.0,chips-extrudalt-termekek-114,https://wolt-menu-images-cdn.wolt.com/menu-images/66544565d6a91b4d1392d750/1a9912be-be16-11f0-8299-e647030861ab_sx437_sbudget_pulyka_parizsi.jpg
"S-Budget ""A"" minőségű rizs 1 kg",5999139401145,644.0,kenyelmi-etelek-155,https://imageproxy.wolt.com/assets/689bb2d49bbcfa1dc39bead2;https://imageproxy.wolt.com/assets/689bb2d49bbcfa1dc39bead5
S-Budget COISSANT epres krémtöltelékkel 85 g,,324.0,kakao-77,https://wolt-menu-images-cdn.wolt.com/menu-images/66544565d6a91b4d1392d750/abcd60c8-a34f-11f0-977f-865f3ff9ce2c_full__42_.png
S-Budget Friss csirke egészcomb,,939.4,sertes-121,https://imageproxy.wolt.com/assets/69e0a4200a27c28a24720246
S-Budget Sülve-Főve Csirke friss alsócomb,,816.05,sertes-121,https://imageproxy.wolt.com/assets/69e08ba50a27c28a2471f672
S-Budget Sülve-Főve Csirke friss bőrös csontos csirkemell,5999550780263,1877.04,sertes-121,https://imageproxy.wolt.com/assets/69e0a2d173316796ef91627c
S-Budget Sülve-Főve Csirke friss csirke egészcombfilé 500 g,5999033893596,963.0,sertes-121,https://wolt-menu-images-cdn.wolt.com/menu-images/66544565d6a91b4d1392d750/4a9f7682-954a-11f0-84e0-ea06c0f4c442_526451003.jpg
S-Budget Sülve-Főve Csirke friss csirke felsőcomb,,729.3,sertes-121,https://imageproxy.wolt.com/assets/69e0a216488442231bbb493a
S-Budget Sülve-Főve Csirke friss csirkecomb farrésszel,5999550780348,666.9,sertes-121,https://wolt-menu-images-cdn.wolt.com/menu-images/66544565d6a91b4d1392d750/0ebe1e66-954a-11f0-b5df-8a7bba8cedc5_480198006.jpg
S-Budget Sülve-Főve Csirke friss csirkeszárny,,692.0,sertes-121,https://imageproxy.wolt.com/assets/69e0a4af73316796ef9162f5
S-Budget Sülve-Főve Csirke friss kizsigerelt csirke aprólék nélkül,,1555.5,sertes-121,https://wolt-menu-images-cdn.wolt.com/menu-images/66544565d6a91b4d1392d750/fc54ee16-9f9a-11f0-9051-5ee902d2d965_334680008.jpg
S-Budget Sülve-Főve friss csirke belső mellfilé,,1889.1,sertes-121,https://imageproxy.wolt.com/assets/69e08d770a27c28a2471f6fa
S-Budget burgonya 5kg,,1016.0,vegan-termekek-60,https://wolt-menu-images-cdn.wolt.com/menu-images/66544565d6a91b4d1392d750/cd0987b6-ebb2-11f0-8480-d6f76b60f2b8_sx308_sbudget_burgonya_5kg.jpg
S-Budget friss tojás S 10 db,5999033898188,694.0,keksz-109,https://wolt-menu-images-cdn.wolt.com/menu-images/66544565d6a91b4d1392d750/c1b521fa-9549-11f0-9af0-fa10930c9c51_301204008.jpg
S-Budget füst ízesítésű virsli csirkehúsból g,5999033895675,304.0,tortilla-chips-es-szoszok-115,https://imageproxy.wolt.com/assets/689b931187a8f04a4a7da5c5;https://imageproxy.wolt.com/assets/689b931287a8f04a4a7da5ca
S-Budget sárgarépa 2 kg,,499.0,virsli-62,https://wolt-menu-images-cdn.wolt.com/menu-images/66544565d6a91b4d1392d750/992cbf1e-c077-11f0-bc15-1a4f58fe13f9_180585.jpg
S-Budget étkezési burgonya 2 kg,,751.0,vegan-termekek-60,https://wolt-menu-images-cdn.wolt.com/menu-images/66544565d6a91b4d1392d750/80d93148-ebb2-11f0-a696-5624c9ddc812_sx305_sbudget_burgonya_2kg.jpg
"SOS Long ""A"" minőségű hosszúszemű hántolt rizs 500 g",8410830587978,924.0,kenyelmi-etelek-155,https://imageproxy.wolt.com/assets/689ba1c087a8f04a4a7db510;https://imageproxy.wolt.com/assets/689ba1c187a8f04a4a7db515
SPAR BBQ csevapcsicsi 400 g,,1514.0,hal-123,https://wolt-menu-images-cdn.wolt.com/menu-images/66544565d6a91b4d1392d750/cef4ff10-9f63-11f0-8388-2e8d8c9f04d4_158002.jpg
SPAR BBQ grillkolbász sajttal 400 g,5999033887564,1784.0,ropi-perec-sos-kekszek-116,https://imageproxy.wolt.com/assets/689b91da9bbcfa1dc39bca77;https://imageproxy.wolt.com/assets/689b91db9bbcfa1dc39bca7d
SPAR BBQ hamburger húspogácsa sertés- és marhahúsból 240 g,5999033810234,1079.0,hal-123,https://imageproxy.wolt.com/assets/689b8fbb9bbcfa1dc39bc8ba;https://imageproxy.wolt.com/assets/689b8fbc9bbcfa1dc39bc8bd
SPAR BBQ pritaminpaprikás grillkolbász 400 g,5999139405334,1784.0,ropi-perec-sos-kekszek-116,https://imageproxy.wolt.com/assets/689b961987a8f04a4a7dab9c;https://imageproxy.wolt.com/assets/689b961a87a8f04a4a7dab9d
SPAR BBQ stuttgarti grillkolbász 400 g,5999033887557,1784.0,ropi-perec-sos-kekszek-116,https://imageproxy.wolt.com/assets/689b91da9bbcfa1dc39bca76;https://imageproxy.wolt.com/assets/689b91db9bbcfa1dc39bca7b
SPAR Cornflakes kukoricapehely 500 g,9100000041100,1404.0,fagyasztott-husok-129,https://imageproxy.wolt.com/assets/689baa5687a8f04a4a7dbf8c;https://imageproxy.wolt.com/assets/689baa5787a8f04a4a7dbf91
SPAR Gomiti Rigati durumbúzadarából készült száraztészta 500 g,9100000700809,349.0,gyumolcskonzerv-befott-151,https://imageproxy.wolt.com/assets/689baae59bbcfa1dc39be334;https://imageproxy.wolt.com/assets/689baae69bbcfa1dc39be339
SPAR Hazai Szeretem csemege kolbász 500 g,5999033889902,3149.0,ropi-perec-sos-kekszek-116,https://imageproxy.wolt.com/assets/689b924587a8f04a4a7da3be;https://imageproxy.wolt.com/assets/689b924687a8f04a4a7da3c3
SPAR Hazai Szeretem paprikás kolbász 500 g,5999033889919,3149.0,ropi-perec-sos-kekszek-116,https://imageproxy.wolt.com/assets/689b924587a8f04a4a7da3bd;https://imageproxy.wolt.com/assets/689b924687a8f04a4a7da3c2
SPAR Natur*pur Bio étkezési burgonya 1 kg,5999033893886,935.0,vegan-termekek-60,https://wolt-menu-images-cdn.wolt.com/menu-images/66544565d6a91b4d1392d750/0d1b59c4-5036-11f0-b2d8-8a7441e27606_295275008.jpg
SPAR PREMIUM extra finom svájci tejcsokoládé darált mogyoróval és pisztácia darabkákkal 100 g,9100000765617,1574.0,alkoholok-171,https://imageproxy.wolt.com/assets/689bab2f87a8f04a4a7dc132;https://imageproxy.wolt.com/assets/689bab3087a8f04a4a7dc138
SPAR PREMIUM norvég lazacfilé,15999033890455,2848.78,daralthus-124,https://imageproxy.wolt.com/assets/689b6c2987a8f04a4a7d775c;https://imageproxy.wolt.com/assets/689b6c2a87a8f04a4a7d7760
SPAR Pasta Italiana Penne Rigate durumbúzadarából készült száraztészta 500 g,9100000700885,455.0,gyumolcskonzerv-befott-151,https://imageproxy.wolt.com/assets/689baae69bbcfa1dc39be337;https://imageproxy.wolt.com/assets/689baae79bbcfa1dc39be33b
SPAR Vital BIO kókusztej 400 ml,9100000717029,1179.0,tablas-csokoladek-106,https://imageproxy.wolt.com/assets/678e0e394b2b7137a212e414
SPAR csokoládéízű szívószál tejben oldódó cukordrazséval 5 db 30 g,5999033875158,240.0,tablas-csokoladek-106,https://imageproxy.wolt.com/assets/689b90459bbcfa1dc39bc929;https://imageproxy.wolt.com/assets/689b90469bbcfa1dc39bc92b
"SPAR homogénezett, élőflórás tejföl 20% 450 g",5999033881555,639.0,cukor-100,https://wolt-menu-images-cdn.wolt.com/menu-images/66544565d6a91b4d1392d750/fc7312e2-9f9a-11f0-a04d-5ee902d2d965_338812009.jpg
SPAR magnélküli fehér szőlő 750 g,,2501.0,tejtermekek-47,https://wolt-menu-images-cdn.wolt.com/menu-images/66544565d6a91b4d1392d750/a4e2e280-cc33-11f0-a2e3-eec62ef2e9d4_554305002.jpg
SPAR szeder és málna ízű aromásított filteres gyümölcstea 20 filter 60 g,9100100002100,630.0,izesitett-viz-139,https://imageproxy.wolt.com/assets/689bac3a87a8f04a4a7dc32c;https://imageproxy.wolt.com/assets/689bac3b87a8f04a4a7dc331
"SPAR szeletelt, félzsíros, félkemény edami sajt 150 g",5999139401848,464.0,protein-tartalmu-keszitmeny-89,https://imageproxy.wolt.com/assets/689b95fe87a8f04a4a7dab66;https://imageproxy.wolt.com/assets/689b95ff87a8f04a4a7dab6b
Sajtos zsemle 80 g,5999563670650,399.0,mez-80,https://imageproxy.wolt.com/assets/689b993d9bbcfa1dc39bd174
Schogetten joghurt és eper ízesítésű krémmel töltött tejcsokoládé 100 g,4000607854705,734.0,likor-172,https://imageproxy.wolt.com/assets/689b71d987a8f04a4a7d79b1;https://imageproxy.wolt.com/assets/689b71da87a8f04a4a7d79b5
"Schulstad Classic búzalisztből készült, francia fúrt hot dog kifli 3 x 60 g (180 g)",5902620238465,615.0,mez-80,https://imageproxy.wolt.com/assets/68e8fd199a94eea72b3549ec
Shan'shi teriyaki marinád és szósz 150 ml,9002600273694,1695.0,bebietelek-221,https://imageproxy.wolt.com/assets/696e245837fecf84c67b95af
Solymári puha kenyér 500 g,5999555263594,1404.0,kave-75,https://imageproxy.wolt.com/assets/689b9812f18c6aaa8030bce5
Soproni 1895 minőségi világos sör 5% 500 ml,5998818174332,490.0,kezmuves-sor-230,https://imageproxy.wolt.com/assets/689bb15287a8f04a4a7dd300
Soproni szűretlen lager világos sör 5% 500 ml,5998818175285,490.0,kezmuves-sor-230,https://imageproxy.wolt.com/assets/698f1999960776714feee161
Starbucks Caffé Latte UHT félzsíros kávés tejital 220 mll,5711953078811,1079.0,tablas-csokoladek-106,https://imageproxy.wolt.com/assets/689b7a0d9bbcfa1dc39bb499;https://imageproxy.wolt.com/assets/689b7a0e9bbcfa1dc39bb49e
Szeletelt ünnepi kenyércipó 500 g,5999033861267,919.0,kave-75,https://imageproxy.wolt.com/assets/689b8fc487a8f04a4a7da133;https://imageproxy.wolt.com/assets/689b8fc487a8f04a4a7da137
Szilvalekvár eritrittel és xylittel édesítve 370 g,5997951100321,1589.0,icetea-143,https://imageproxy.wolt.com/assets/689b867287a8f04a4a7d9b50;https://imageproxy.wolt.com/assets/689b867487a8f04a4a7d9b56
Székely Csemege Parma szalámi 250 g,5941924000200,2414.0,muzliszelet-gabonapehely-szelet-111,https://imageproxy.wolt.com/assets/689b7d8a9bbcfa1dc39bbbad
Székely Csemege paprikás szalámi 250 g,5941871101661,2414.0,muzliszelet-gabonapehely-szelet-111,https://imageproxy.wolt.com/assets/689b7d7a9bbcfa1dc39bbb86
"Tabasco édes, csípős szósz 315 g",11210694002,2289.0,bebietelek-221,https://imageproxy.wolt.com/assets/689b78d487a8f04a4a7d87a9
Tena Lady Slim Normal puha inkontinencia betét 12 db,7322540852127,1784.0,puszedli-301,https://imageproxy.wolt.com/assets/68aee7c0ecb95744b9d4246c;https://imageproxy.wolt.com/assets/68aee7c3ecb95744b9d42472
Tetrabbit friss nyúl máj 300 g,5999557851447,1469.0,belsosegek-126,https://imageproxy.wolt.com/assets/689b982cf18c6aaa8030bd0c;https://imageproxy.wolt.com/assets/689b982df18c6aaa8030bd11
The Belgian Trüffel Original 200 g,5413121371754,2099.0,pezsgo-gyongyozo-bor-173,https://imageproxy.wolt.com/assets/678e0e40daf01e7f1ad1aef6
Tibi étcsokoládé kakaókrémmel 90 g,4823077640094,524.0,likor-172,https://imageproxy.wolt.com/assets/689b715a87a8f04a4a7d78c8;https://imageproxy.wolt.com/assets/689b715b87a8f04a4a7d78cd
Toffini natúr tofu 300 g,5998334500103,934.0,muzli-granola-72,https://imageproxy.wolt.com/assets/689b8ba4f18c6aaa8030aa1d
Trend+ csökkentett szénhidráttartalmú brotter 350 g,5999880160544,864.0,kave-75,https://imageproxy.wolt.com/assets/69a97821f115f4a3251e881a
Tökmagos zsemle 70 g,5999563670773,324.0,mez-80,https://imageproxy.wolt.com/assets/689b993f9bbcfa1dc39bd17b
"Unicum Riserva gyógynövénylikőr 40% 0,7 l",5995099442204,17324.0,cider-236,https://imageproxy.wolt.com/assets/68cbfb6c96bcfcad1bd5c26d
Urban LoveFree citromízű nápolyi 180 g,5997443314847,899.0,energiaszeletek-73,https://imageproxy.wolt.com/assets/689b842887a8f04a4a7d9680
Vajas mazsolás zsemle 70 g,5999563670667,369.0,mez-80,https://imageproxy.wolt.com/assets/689b993d9bbcfa1dc39bd177;https://imageproxy.wolt.com/assets/689b993e9bbcfa1dc39bd179
"Valdor gyorsfagyasztott, készre sütött, panírozott, cheddar sajttal töltött csirkemell 640 g",5995910710673,3639.0,borok-189,https://imageproxy.wolt.com/assets/689b7f539bbcfa1dc39bbf3a
Vegeta csirke fűszerkeverék 20 g,5907573338071,280.0,etelszosz-martas-164,https://imageproxy.wolt.com/assets/689b7d23f18c6aaa80309d3a;https://imageproxy.wolt.com/assets/689b7d24f18c6aaa80309d3e
Vegeta gyros fűszerkeverék 20 g,5907573338279,280.0,etelszosz-martas-164,https://imageproxy.wolt.com/assets/689b7d269bbcfa1dc39bbab6;https://imageproxy.wolt.com/assets/689b7d279bbcfa1dc39bbaba
Vegeta ínyenc sültcsirke fűszerkeverék 20 g,5907573338057,280.0,etelszosz-martas-164,https://imageproxy.wolt.com/assets/689b7d23f18c6aaa80309d3c;https://imageproxy.wolt.com/assets/689b7d24f18c6aaa80309d3f
Vici füstölt lazacfilé 200 g,4770190035460,3149.0,daralthus-124,https://imageproxy.wolt.com/assets/689b6bf787a8f04a4a7d76be
Vándor kenyér 500 g,5999555263648,1295.0,kave-75,https://imageproxy.wolt.com/assets/689bb5d387a8f04a4a7de15f
Wellness zsemle 70 g,5999563670780,249.0,mez-80,https://imageproxy.wolt.com/assets/689b99409bbcfa1dc39bd17f;https://imageproxy.wolt.com/assets/689b99419bbcfa1dc39bd181
Zozole gyümölcs ízű gumicukor 75 g,5900353700143,465.0,palinka-180,https://imageproxy.wolt.com/assets/689baf109bbcfa1dc39be7d9
Zozole málnaízű savanyú gumicukor 75 g,5900353701805,489.0,palinka-180,https://imageproxy.wolt.com/assets/689baf109bbcfa1dc39be7dd
"Zwack Unicum Barista gyógynövénylikőr arabica kávéval 34,5% 0,2 l",5995099444680,3074.0,cider-236,https://imageproxy.wolt.com/assets/689b7e369bbcfa1dc39bbd4f
"Zwack Unicum szilva gyógynövénylikőr 34,5% 0,5 l",5995099444796,6454.0,cider-236,https://imageproxy.wolt.com/assets/689b7e379bbcfa1dc39bbd51
elmex Anti-Caries Protection Professional fogkrém 75ml,8718951279551,1839.0,pudingpor-294,https://imageproxy.wolt.com/assets/689bb4a7f18c6aaa8030d50a;https://imageproxy.wolt.com/assets/689bb4a7f18c6aaa8030d50e
elmex Sensitive Professional Whitening fogkrém érzékeny fogakra 75 ml,8718951070905,1839.0,pudingpor-294,https://imageproxy.wolt.com/assets/689bb4a987a8f04a4a7dde85;https://imageproxy.wolt.com/assets/689bb4a987a8f04a4a7dde8b
"elmex Sensitive Whitening fogkrém érzékeny fogakra, 75 ml",8714789926278,1429.0,pudingpor-294,https://imageproxy.wolt.com/assets/66cca107cf85b5486a88350d
o.b. Original Super tampon 16 pcs,3574661350141,1134.0,puszedli-301,https://imageproxy.wolt.com/assets/682b580dd3cf585540f711d5
Óriás kifli 250 g,5999563670889,574.0,mez-80,https://imageproxy.wolt.com/assets/689b993f9bbcfa1dc39bd17d
Új leveles zeller db,,509.0,virsli-62,https://wolt-menu-images-cdn.wolt.com/menu-images/6654467e27f761196caa9ef7/1181bf56-7c3e-11f0-b0ea-c2280d35a094_plexi01655.jpg
